species,lat,lng,location_accuracy,date,nth.day,month,year,number_of_sp_calling,GHM,n_calls_recorded,mean_call_dur.s,call_RR.calls_per_min,silent_interval.s,mean_calling_effort.call_dur_div_call_period,mean_dfreq.Hz,mean_notes_per_call,mean_note_RR.notes_per_s,hourly_temp,Tmax,Tmin,rainfall
Litoria peronii,-33.9859,151.094,21.02199936,10/11/2017,314,11,2017,1,0.892625138,10,1.3784,11.34831836,3.960975102,0.337629358,1981.08,14.6,11.84038037,18.81704687,23.7,14.8,0
Litoria peronii,-32.61221716,149.5813676,50,10/11/2017,314,11,2017,1,0.587197967,1,1.821,,,,1981.1,25,14.21800948,13.52526674,26,9.5,0
Litoria peronii,-33.71952478,150.5669936,5,10/11/2017,314,11,2017,3,0.567477144,8,2.244571429,8.669228039,4.720644301,0.327781796,1744.1875,38,17.68914975,16.81945444,24,10.5,0
Litoria peronii,-33.49242663,150.1485071,10,11/11/2017,315,11,2017,1,0.63275756,12,1.305833333,32.30425246,0.500562986,0.739670773,1600.641667,6.818181818,6.851111478,15.15907204,21.5,4.6,0
Litoria peronii,-33.63911186,151.3206039,10,11/11/2017,315,11,2017,2,0.766814801,3,1.863666667,2.89132305,18.98208968,0.085331699,1751.4,29.66666667,16.27440954,19.0051476,22.6,13.1,0
Limnodynastes peronii,-33.71060992,151.0532463,5,11/11/2017,315,11,2017,2,0.632484175,14,0.097357143,14.72858507,3.976099715,0.025034555,516.8,,,,,,
Litoria peronii,-33.71060992,151.0532463,5,11/11/2017,315,11,2017,2,0.632484175,4,2.0215,4.129107389,12.48452579,0.154205362,1808.8,29,15.12750087,,,,
Limnodynastes peronii,-33.6949,150.547,68.40000153,11/11/2017,315,11,2017,3,0.714800156,14,0.048285714,16.9645038,3.488827747,0.013843847,689.0357143,,,16.59983032,23.5,11.4,0
Litoria peronii,-33.6949,150.547,68.40000153,11/11/2017,315,11,2017,3,0.714800156,3,2.296333333,4.43218627,11.19450729,0.173118659,1808.8,30.33333333,13.9949161,16.59983032,23.5,11.4,0
Litoria peronii,-33.7134,150.381,20.89999962,11/11/2017,315,11,2017,1,0.623624409,4,1.79825,7.565623109,6.113005596,0.248075192,1894.95,25.5,15.56032037,11.99399401,19.3,7.8,0
Litoria caerulea,-12.3947,130.874,6,12/11/2017,316,11,2017,1,0.819457287,16,0.30275,124.3576301,0.180857817,0.629006351,899.0375,,,25.14897399,32,23.6,6.2
Litoria caerulea,-21.0932,149.167,23.6989994,12/11/2017,316,11,2017,1,0.739151593,14,0.223,111.7926255,0.312109197,0.417916868,1095.128571,,,23.96214952,26.8,19.6,11.6
Litoria caerulea,-28.682,153.527,23.86000061,12/11/2017,316,11,2017,1,0.537592818,89,0.233910112,89.77687852,0.434353683,0.351116136,516.8,,,22.20885883,23.4,15,2.8
Limnodynastes peronii,-37.8287,144.985,135.6000061,12/11/2017,316,11,2017,1,0.889605205,34,0.028764706,34.09891996,1.731212575,0.016584571,1018.402941,,,21.95819573,23.3,13.2,0
Limnodynastes peronii,-34.0812,150.524,24,12/11/2017,316,11,2017,3,0.514494994,26,0.048076923,25.98111575,2.26139958,0.021361819,689.1,,,20.07106814,24.5,12.6,0
Litoria peronii,-34.0812,150.524,24,12/11/2017,316,11,2017,3,0.514494994,2,2.848,2.258385873,23.97058514,0.097750698,1248.95,35,12.57460104,20.07106814,24.5,12.6,0
Litoria peronii,-34.6960402,150.8531111,165,12/11/2017,316,11,2017,1,0.589361435,6,2.296,5.51615898,8.381075365,0.190687678,1737.05,31.25,14.51116199,18.96582527,21.9,17.7,0
Litoria caerulea,-14.4693,132.288,600,12/11/2017,316,11,2017,1,0.605285448,23,0.17126087,163.6801822,0.195615878,0.467053003,1329.46087,,,26.62602629,31.8,21.3,46.8
Limnodynastes peronii,-33.68384738,150.5813493,10,13/11/2017,317,11,2017,1,0.625062816,9,0.033,15.30541758,3.887063273,0.008669255,689.0666667,,,20.11541628,22,14.1,0
Litoria peronii,-33.7547,150.983,21.31599998,12/11/2017,316,11,2017,1,0.901665008,3,1.816333333,2.848111781,19.23951048,0.086680914,1981.1,28.33333333,17.2548019,16.48060443,23.8,11.7,0
Litoria peronii,-34.53149873,150.2179921,5,13/11/2017,317,11,2017,3,0.083742267,6,1.759,5.391479046,9.202338288,0.255698742,1996.718182,29,15.43940265,13.21108567,18.6,10.3,0
Limnodynastes peronii,-33.7797,150.97,21.5510006,13/11/2017,317,11,2017,1,0.902495533,5,0.0528,8.922708993,6.673019659,0.00941923,809.64,,,15.37707833,23,13,0
Limnodynastes peronii,-33.4886,151.401,20.10000038,13/11/2017,317,11,2017,1,0.582888348,5,0.1018,10.06644077,5.86299704,0.017077336,913,,,14.67479593,21.9,11.3,0
Litoria caerulea,-32.79198334,151.6757414,24,11/11/2017,315,11,2017,1,0.612540984,23,0.319434783,63.60521905,0.624670188,0.40823454,621.6434783,,,18.66790866,23.7,10.4,0.8
Limnodynastes peronii,-33.712839,151.143006,65,15/11/2017,319,11,2017,2,0.809542889,19,0.100736842,19.00556077,3.05843755,0.031983585,553.0526316,,,,,,
Litoria peronii,-33.712839,151.143006,65,15/11/2017,319,11,2017,2,0.809542889,4,1.7315,4.150790157,13.25259853,0.119561875,1873.425,25,15.91085315,,,,
Litoria caerulea,-14.4526,132.271,48.90000153,16/11/2017,320,11,2017,1,0.602748737,11,0.276818182,16.04416015,3.460403218,0.288483407,1260.672727,,,24.93113201,33.7,24.22857143,
Litoria caerulea,-30.7474,152.989,23.81599998,16/11/2017,320,11,2017,1,0.303187667,39,0.236923077,97.31770247,0.380008123,0.383322045,1126.376923,,,22.57881608,25,18.5,0
Litoria peronii,-34.50102902,150.8124224,115.1154515,11/11/2017,315,11,2017,1,0.764036277,3,1.951666667,2.708724588,19.93004365,0.101212314,1837.5,31.33333333,16.84460765,17.00924022,23.4,10.5,0
Limnodynastes peronii,-34.6456,150.848,3,17/11/2017,321,11,2017,1,0.745466321,4,0.0275,13.04321908,4.57343,0.005953951,1205.9,,,21.3550504,23,18.4,1.2
Litoria caerulea,-31.06773252,152.7797168,10,17/11/2017,321,11,2017,1,0.356217522,31,0.314290323,95.04872114,0.314648578,0.505312577,500.1354839,,,21.5109516,24.2,17.2,0.8
Litoria peronii,-28.5552,151.88,5,17/11/2017,321,11,2017,5,0.152128487,4,1.661,4.376014044,12.1303108,0.139716966,1722.65,24.5,14.95769894,19.89317952,21.9,13.7,1.4
Litoria peronii,-37.0647,144.233,249.298996,17/11/2017,321,11,2017,3,0.625078498,10,1.3637,12.70771434,3.464431383,,1711.9,15.2,9.264037473,17.26958578,22.6,12.1,30.2
Limnodynastes peronii,-33.86861178,151.1674385,16,15/11/2017,319,11,2017,1,0.867796525,13,0.044846154,12.63203672,4.704299068,0.010507503,914.3538462,,,20.11512094,24.4,16,0
Limnodynastes peronii,-33.68913689,150.5493118,5,18/11/2017,322,11,2017,1,0.679790115,7,0.097428571,7.504310984,7.897689764,0.026879325,725.9571429,,,16.06751627,20.4,16,0.8
Limnodynastes peronii,-34.74448042,150.6966484,5,18/11/2017,322,11,2017,1,0.256976407,5,0.068,10.61374687,5.585126892,0.012126329,1188.66,,,20.42294746,21.8,15.9,79
Litoria caerulea,-32.7766095,151.6388664,5,18/11/2017,322,11,2017,1,0.809923373,44,0.240318182,118.8236586,0.263132737,0.478013535,749.7477273,,,22.36245405,24.6,18.7,0
Litoria caerulea,-27.437,151.996,12.20199966,19/11/2017,323,11,2017,1,0.399274336,26,0.335423077,68.14173047,0.542577361,0.429561165,516.8,,,18.76696058,22.1,13.2,12.4
Limnodynastes peronii,-34.24319797,150.9777076,5,19/11/2017,323,11,2017,1,0.380429632,8,0.0275,18.49670482,3.216360175,0.008564539,1421.2125,,,,,,
Litoria caerulea,-31.9417,152.453,3,19/11/2017,323,11,2017,1,0.382721117,47,0.205659574,127.7462558,0.262380321,0.440956639,500.312766,,,20.6781189,23.9,15.3,5
Litoria caerulea,-16.9969,145.729,20,19/11/2017,323,11,2017,1,0.717932885,86,0.271895349,114.9994562,0.247573921,0.533167926,964.5174419,,,26.41728326,30.9,22.6,0
Litoria peronii,-35.2156,147.348,94.84899902,19/11/2017,323,11,2017,1,0.239642934,4,1.4495,3.562065453,11.99225025,0.135661382,2045.65,24.66666667,16.91587678,19.64453643,27,15.9,3
Litoria caerulea,-31.3748,152.755,60,19/11/2017,323,11,2017,2,0.094920372,54,0.2595,155.7332242,0.124980425,0.690702386,811.9074074,,,18.55956117,23.8,15.8,12.2
Litoria peronii,-34.2869101,150.9427849,5,19/11/2017,323,11,2017,1,0.533426333,2,2.506,3.579256264,14.25828677,0.149433702,1722.7,40,17.29206954,,,,
Litoria caerulea,-28.79471235,153.371349,10,20/11/2017,324,11,2017,1,0.416925676,22,0.259863636,54.72526521,0.831756143,0.324960495,415.0227273,,,21.91383042,24.9,12.6,10.4
Litoria peronii,-33.75757732,150.8026113,5,12/11/2017,316,11,2017,2,0.863388891,11,2.4549,10.7812475,3.161274869,0.434586271,1973.236364,36.5,15.01370247,,,,
Litoria peronii,-31.5584,147.18,32,16/11/2017,320,11,2017,1,0.504285281,2,2.0685,6.483193713,7.20408768,0.221607841,1464.3,38,19.41926836,23.06188817,30,18,3.4
Litoria peronii,-33.8081627,151.2105514,10,21/11/2017,325,11,2017,2,0.879577458,2,1.532,2.150212057,26.29937757,0.057517857,1851.85,24,16.55225019,,,,
Litoria peronii,-28.2433,151.994,21.60000038,22/11/2017,326,11,2017,1,0.373100225,2,0.873,17.02312053,2.546654017,0.277474043,1808.8,5.5,6.861245145,15.53372069,25.4,10.9,0.2
Litoria caerulea,-28.2433,151.994,37.1570015,22/11/2017,326,11,2017,1,0.373100225,32,0.2119375,129.2439187,0.254207326,0.452607754,460.26875,,,25.4,25.4,10.9,0.2
Litoria peronii,-33.78764715,151.1573031,10,22/11/2017,326,11,2017,3,0.731945153,4,1.32925,3.551837095,15.58650634,0.094181306,1765.75,,,,,,
Limnodynastes peronii,-35.91684183,150.1426112,10,22/11/2017,326,11,2017,3,0.353347707,8,0.06575,15.00505164,3.9342571,0.016755287,1313.5375,,,16.97377281,21,13.2,0
Litoria peronii,-34.4989,147.891,13.58899975,22/11/2017,326,11,2017,2,0.318077077,2,1.4295,2.324649361,23.98026294,0.041144755,1981.1,25,14.83312732,18.64908427,28,12.5,0
Litoria peronii,-35.39103268,150.4393066,10,21/11/2017,325,11,2017,2,0.49073178,6,2.039,8.582749596,5.191313602,0.3397925,1909.266667,31,16.01821559,17.65867041,21.7,15.1,0
Litoria peronii,-35.75443173,150.1992539,5,12/11/2017,316,11,2017,2,0.589538446,3,2.199666667,3.586320889,14.49872159,0.147279279,1378.133333,34.66666667,15.55693844,16.55985862,22.58333333,11.8,0
Litoria peronii,-33.3648,151.441,26.9659996,25/11/2017,329,11,2017,2,0.755562993,2,1.791,5.285912358,9.513780211,0.161839095,1808.8,35,20.41890014,20.06329402,26.7,15.1,0
Limnodynastes peronii,-33.7481,151.009,21.29500008,25/11/2017,329,11,2017,2,0.812216826,7,0.045571429,14.79219851,4.007112292,0.012728567,1205.9,,,21.36671935,29.3,13.8,0
Litoria peronii,-33.7481,151.009,21.29500008,25/11/2017,329,11,2017,2,0.812216826,2,1.53,4.177593907,12.90547313,0.101444924,1894.9,28.5,19.96858714,21.36671935,29.3,13.8,0
Litoria caerulea,-13.82187902,131.8361418,65,27/11/2017,331,11,2017,1,0.284106859,11,0.367,96.99256425,0.243663426,0.606695117,822.2090909,,,24.36150348,33.2,23.6,0
Litoria caerulea,-32.6921,151.475,77,27/11/2017,331,11,2017,1,0.523463568,39,0.344384615,112.8565178,0.185696032,0.654692198,611.7589744,,,22.31612438,24.8,17.8,0
Limnodynastes peronii,-34.05802857,151.0881576,10,27/11/2017,331,11,2017,1,0.767545142,13,0.062384615,12.81038524,4.621545022,0.013363443,821.5769231,,,,,,
Limnodynastes peronii,-28.554,153.492,32,27/11/2017,331,11,2017,1,0.570278901,21,0.056190476,20.70378086,2.842083858,0.019506516,652.1571429,,,24.11894069,28.5,20.9,0.2
Litoria peronii,-32.64311541,151.4902503,5,28/11/2017,332,11,2017,1,0.363187536,1,1.561,,,,1981.1,31,21.78649237,23.08461236,29.4,16.4,0
Litoria caerulea,-31.97482472,152.5812403,10,28/11/2017,332,11,2017,1,0.511559451,94,0.343234043,93.60093649,0.296177753,0.548703343,1279.182979,,,21.93045696,27,17.7,2.6
Limnodynastes peronii,-33.76817854,150.8882535,65,28/11/2017,332,11,2017,1,0.918830077,17,0.044705882,16.20909384,3.656583113,0.012576007,1099.464706,,,20.78042659,25.8,17.8,0
Litoria caerulea,-28.68882213,153.5232541,87.53277338,29/11/2017,333,11,2017,2,0.514366755,47,0.277212766,116.9983294,0.235403025,0.545953355,1101.387234,,,23.96526423,27.6,21.5,5.6
Litoria peronii,-36.03946968,150.008383,10,30/11/2017,334,11,2017,3,0.146646215,5,2.2915,3.816301306,11.71189505,0.155684874,1894.9,41.75,18.5363208,17.88991231,23.2,17,0.2
Litoria peronii,-33.9203,151.125,20.8220005,30/11/2017,334,11,2017,3,0.905698156,6,2.312333333,9.399858381,4.041694862,0.417913083,1851.866667,,,27.6227592,28.2,18.4,1
Litoria caerulea,-28.35269863,153.3872587,12,30/11/2017,334,11,2017,1,0.43893894,32,0.2253125,98.84477775,0.382423813,0.372640391,430.7,,,23.19135128,25,20.3,18
Litoria caerulea,-29.68523421,152.949432,165,1/12/2017,335,12,2017,1,0.710899556,33,0.360363636,70.66193793,0.490182857,0.428490503,678.6454545,,,19.81704368,27.7,19.6,33
Litoria peronii,-33.77130132,151.0429863,65,30/11/2017,334,11,2017,1,0.877276173,10,1.615,10.40661057,4.157556409,0.302157147,1955.23,29.9,19.96251012,21.4016459,29,17,0
Litoria peronii,-29.79038215,151.1451423,5,1/12/2017,335,12,2017,1,0.374840058,3,2.476,11.33634925,2.794960398,0.495094335,2124.633333,47.33333333,19.19071602,26.08148772,29.2,16,6.4
Limnodynastes peronii,-29.5859,152.781,19,1/12/2017,335,12,2017,1,0.220212393,22,0.039,21.66861744,2.729786936,0.014862004,845.6636364,,,22.84987685,27.7,19.6,33
Litoria peronii,-36.71905451,149.9626503,5,1/12/2017,335,12,2017,3,0.419397543,6,2.1368,11.51604709,3.112972667,0.40395941,1877.72,39.8,19.04231183,21.8130882,31,16.4,0
Limnodynastes peronii,-38.0275,146.808,21.60000038,2/12/2017,336,12,2017,1,0.137250213,5,0.0264,24.87838263,2.384354575,0.012308369,1602.08,,,16.91988963,17.6,14.5,43.6
Litoria caerulea,-32.671,152.173,22.33699989,2/12/2017,336,12,2017,1,0.582701067,33,0.2761875,84.33303043,0.436179159,0.387690792,678.31875,,,20.1272731,24.4,19.9,0
Litoria peronii,-34.05224925,151.1025203,5,29/11/2017,333,11,2017,1,0.820926251,3,1.412333333,2.589539192,21.73897751,0.062249569,1521.7,29.66666667,21.7231714,,,,
Litoria peronii,-36.2305845,150.0942489,6,3/12/2017,337,12,2017,2,0.288308564,2,1.925,1.801731869,31.3058756,0.059908335,1507.3,27,13.91878473,17.82955343,21.5,15.5,18.6
Litoria peronii,-34.4953,150.811,20.10000038,3/12/2017,337,12,2017,1,0.795430647,3,2.325666667,4.449414538,11.19233287,0.170035941,1808.8,43.33333333,19.4580816,21.75601521,27.6,17.5,7.8
Limnodynastes peronii,-33.2964,151.436,21.35300064,4/12/2017,338,12,2017,1,0.634718649,9,0.071444444,10.18864777,5.81784096,0.012575837,1311.133333,,,17.44559301,19.3,17.3,0
Litoria caerulea,-24.7787,152.391,92.90000153,4/12/2017,338,12,2017,2,0.413268736,30,0.190689655,87.17292929,0.497560615,0.317171462,486.0464286,,,21.46067402,24.1,21.4,16
Litoria caerulea,-27.0362,152.927,7.585000038,4/12/2017,338,12,2017,3,0.657333804,44,0.222318182,108.9649755,0.329181567,0.403641178,1335.065909,,,20.86551422,25.9,18.8,9.4
Litoria caerulea,-27.5687,153.338,6,4/12/2017,338,12,2017,2,0.474132028,63,0.248650794,91.38192212,0.407187283,0.434395831,926.9365079,,,,,,
Litoria peronii,-32.48967152,149.6575515,5,5/12/2017,339,12,2017,1,0.138732802,1,5.542,5.452109225,5.463,0.503589278,1894.9,83,15.17394523,21.60992619,23.7,14.6,0
Litoria caerulea,-25.5263,152.689,12,5/12/2017,339,12,2017,1,0.818955277,46,0.245282609,121.9493391,0.245701558,0.50130778,1335.056522,,,21.15962587,28.5,19,27
Litoria peronii,-33.74439653,151.1124431,751.7616798,6/12/2017,340,12,2017,1,0.685604756,19,1.104736842,19.85651019,1.904584058,0.483332075,1813.315789,,,,,,
Litoria peronii,-32.9932,151.633,47.24599838,7/12/2017,341,12,2017,1,0.760520325,7,2.136714286,7.658508255,5.722321293,0.293543656,1919.528571,37.28571429,18.32031779,,,,
Limnodynastes peronii,-33.40790406,151.4465652,5,5/12/2017,339,12,2017,1,0.675168264,7,0.049142857,17.99414143,3.285991369,0.014958012,1242.757143,,,22.35955029,24,16.8,6
Litoria caerulea,-33.24780675,151.4450392,65,8/12/2017,342,12,2017,1,0.647906794,37,0.231297297,125.3786392,0.248457275,0.48101277,430.7,,,23.70520901,26.9,17.7,0
Litoria peronii,-33.0176,151.175,8,8/12/2017,342,12,2017,1,0.178838909,2,1.3665,4.15518622,13.15497991,0.088989043,1981.1,25,20.20745694,23.50227016,29,13.2,0
Litoria peronii,-33.6749,151.285,20.5340004,8/12/2017,342,12,2017,1,0.710551678,2,1.526,4.606299328,13.0256407,0.102276826,1765.75,24.5,16.36993763,19.92560017,28,19,0
Litoria peronii,-33.0833,151.434,135.6000061,9/12/2017,343,12,2017,2,0.480008052,3,1.5845,4.817038534,13.32855559,0.077421586,1808.8,26,16.37938151,19.77872283,24.6,18.4,0
Litoria peronii,-33.83597515,151.0611829,5,9/12/2017,343,12,2017,3,0.860847046,5,2.169,14.78797463,1.983631179,0.578032495,1946.62,37,17.33099943,18.79154452,25,16.2,0.4
Limnodynastes peronii,-33.71795864,150.373583,8,10/12/2017,344,12,2017,1,0.649708564,12,0.066166667,11.7656124,5.034321764,0.014683827,480.9083333,,,24.1,24.1,11.1,0
Limnodynastes peronii,-33.67836656,151.193925,6,10/12/2017,344,12,2017,2,0.591139347,4,0.20325,14.92813666,3.811371216,0.051840143,1270.475,,,,,,
Litoria caerulea,-12.5622,131.077,5.199999809,12/12/2017,346,12,2017,2,0.457049157,11,0.256090909,109.05532,0.291284499,0.475521297,1456.436364,,,28.25691572,35.6,25.9,3.6
Litoria peronii,-33.56911828,150.6573337,30,8/12/2017,342,12,2017,3,0.529840767,9,1.8415,11.67259563,3.351488204,0.3758648,1981.066667,33.5,18.54450193,21.32073638,32,15.2,0
Litoria peronii,-32.4479,151.964,20,12/12/2017,346,12,2017,1,0.226174974,4,1.71,8.324097774,5.405696388,0.277788565,1959.5,30.25,18.35714174,,,,
Limnodynastes peronii,-33.7289,150.312,50.00299835,13/12/2017,347,12,2017,1,0.611968525,13,0.037923077,26.81568117,2.199346775,0.017670307,1132.961538,,,23.46870702,31.1,17,0
Limnodynastes peronii,-23.3724,150.535,20,14/12/2017,348,12,2017,1,0.672524237,17,0.019470588,17.47891056,3.413010026,0.006108709,1074.123529,,,23.17529614,31.3,21,0
Limnodynastes peronii,-33.6173,150.308,6,14/12/2017,348,12,2017,3,0.453878339,17,0.022411765,17.35010638,3.436265555,0.006829601,886.6529412,,,20.70038837,31.7,20.5,0
Litoria peronii,-33.6173,150.308,6,14/12/2017,348,12,2017,3,0.453878339,1,1.19,,,,1722.7,17,14.45347787,20.70038837,31.7,20.5,0
Limnodynastes peronii,-33.6728,151.293,20.86899948,15/11/2017,319,11,2017,2,0.768054928,7,0.075714286,14.0985519,4.177825017,0.018491461,1193.571429,,,17.93806443,23.8,13.7,0
Litoria peronii,-33.6728,151.293,20.86899948,15/11/2017,319,11,2017,2,0.768054928,1,1.794,,,,1894.9,28,16.20648259,17.93806443,23.8,13.7,0
Litoria caerulea,-32.7752,151.642,21.17000008,15/12/2017,349,12,2017,1,0.794886502,54,0.288240741,113.7623961,0.238982837,0.55176508,1047.95,,,22.81421831,30,21.9,0
Limnodynastes peronii,-33.5173,151.309,10,16/12/2017,350,12,2017,1,0.793516536,13,0.098769231,26.97703758,2.123456535,0.047736799,1113.107692,,,25.71329301,31,20.6,0.4
Limnodynastes peronii,-33.18172872,151.4941925,10,16/12/2017,350,12,2017,2,0.613491429,30,0.113133333,30.02721748,1.885509303,0.05739826,648.8566667,,,23.30296737,30.6,18.6,0.2
Litoria peronii,-33.18172872,151.4941925,10,16/12/2017,350,12,2017,2,0.613491429,14,1.530785714,14.85625761,2.549019958,0.403151193,1575,35,19.8747622,23.30296737,30.6,18.6,0.2
Litoria peronii,-36.3276,144.015,4,19/12/2017,353,12,2017,1,0.47978412,7,0.814714286,16.63931855,2.76692184,0.338147988,1636.528571,8.142857143,9.974533127,32.47912993,37.3,22.9,0
Limnodynastes peronii,-33.2666,149.084,22.31900024,20/12/2017,354,12,2017,2,0.754954132,12,0.04275,38.13193586,1.529087388,0.028252982,789.55,,,22.0977607,28.5,20.9,2.6
Litoria caerulea,-33.5228,150.886,52.40000153,21/12/2017,355,12,2017,1,0.515777218,35,0.239527778,88.80332872,0.41738246,0.412534549,519.1944444,,,21.48509473,23.8,20.9,3.4
Litoria peronii,-33.62603111,151.3181668,10,21/12/2017,355,12,2017,1,0.73571694,5,1.6884,6.237397121,8.013702458,0.19327478,1946.6,,,19.7282152,21.3,19.2,7
Limnodynastes peronii,-32.72557897,152.1056633,5,22/12/2017,356,12,2017,1,0.760213471,18,0.069722222,18.30797425,3.207985591,0.022859689,1076.677778,,,20.26189485,25.6,20.2,0.8
Limnodynastes peronii,-33.6946,150.571,21.64599991,12/12/2017,346,12,2017,2,0.693024596,13,0.053769231,13.05509515,4.543200634,0.011855781,881.1923077,,,21.5575151,30.9,17.1,0
Litoria peronii,-34.06821137,150.8247106,5,22/12/2017,356,12,2017,1,0.901820821,3,1.155666667,5.163695528,10.27458341,0.115752859,1923.633333,24,19.15899217,20.09891445,28.5,19.1,0.2
Limnodynastes peronii,-33.4844,151.359,3.900000095,22/12/2017,356,12,2017,1,0.789185591,17,0.087294118,38.65895975,1.464972383,0.062045497,1307.194118,,,20.63067174,25.9,19.5,4.4
Litoria peronii,-35.49096928,150.3483885,10,23/12/2017,357,12,2017,3,0.124435512,8,0.92175,7.939357109,6.564977194,0.190338407,1905.7,19.16666667,19.8108,21.96688821,25.1,18.7,0
Litoria caerulea,-31.855,152.438,59.30799866,24/12/2017,358,12,2017,2,0.344973682,73,0.205671233,110.1575705,0.338861203,0.399341407,506.2068493,,,26.94092168,37.4,16.5,0
Litoria peronii,-32.40496092,152.2051894,165,24/12/2017,358,12,2017,1,0.557153503,1,1.401,,,,1808.8,32,23.90131072,26.99606407,28.7,21.2,0
Litoria caerulea,-29.6436,152.923,20,25/12/2017,359,12,2017,2,0.48892364,32,0.28621875,69.82080699,0.571442639,0.471147823,430.7,,,22.75263846,32.9,20,17.4
Litoria caerulea,-27.35,152.962,24.50799942,26/12/2017,360,12,2017,1,0.855140502,60,0.159616667,136.5320967,0.279513192,0.364557551,412.0333333,,,25.77768776,29.7,19,54.8
Litoria caerulea,-32.66284392,152.1716942,413.8640387,26/12/2017,360,12,2017,1,0.533116072,40,0.309,96.73430815,0.309193854,0.498358244,566.3275,,,20.9898666,24,17.3,5.1
Litoria caerulea,-32.1974425,152.534357,5,26/12/2017,360,12,2017,1,0.709899249,35,0.1542,106.4602764,0.409453762,0.273554884,430.7,,,20.47143016,23,18.5,1.8
Litoria caerulea,-27.6176,153.364,6,26/12/2017,360,12,2017,1,0.607822184,40,0.225694444,113.2847333,0.315553034,0.442077049,574.965,,,,,,
Litoria caerulea,-27.5622,152.905,5,27/12/2017,361,12,2017,1,0.799990089,21,0.24335,113.4100967,0.285524533,0.462148328,1435.580952,,,26.42112728,30,20.4,4.6
Litoria caerulea,-28.8617,153.57,20,27/12/2017,361,12,2017,1,0.771896639,47,0.179404255,122.2200913,0.312019796,0.364621796,1130.712766,,,23.17685127,27.6,19.2,3.4
Limnodynastes peronii,-33.78100479,150.6877862,50,29/12/2017,363,12,2017,1,0.915146953,27,0.033777778,27.42472764,2.153888979,0.016346105,679.5185185,,,24.43903306,40.4,20.4,0
Litoria caerulea,-32.67372769,152.1823134,65,30/12/2017,364,12,2017,1,0.5510306,34,0.230029412,134.7646654,0.214215245,0.518175574,1094.423529,,,26.56987734,29,22,2.3
Litoria caerulea,-31.0573,152.788,20,31/12/2017,365,12,2017,1,0.396007607,32,0.21709375,117.9239779,0.291416766,0.427052327,866.7375,,,21.2149308,30.45,16.4,
Limnodynastes peronii,-34.81829832,150.492389,8,31/12/2017,365,12,2017,5,0.125694286,18,0.036722222,18.04139117,3.289341434,0.01117786,1138.877778,,,,,,
Litoria caerulea,-29.56743903,153.0785887,10,2/01/2018,2,1,2018,1,0.253912065,35,0.242411765,90.06009754,0.420935282,0.380428952,516.8,,,28.24774969,29.4,20.8,1.4
Litoria caerulea,-28.55267992,153.4883023,165,2/01/2018,2,1,2018,1,0.548809719,36,0.289416667,88.00423924,0.392346693,0.424498414,1289.630556,,,23.42458474,30.2,19.4,22.6
Limnodynastes peronii,-34.92755078,150.7663626,30,2/01/2018,2,1,2018,1,0.660226989,12,0.077166667,13.79574469,4.275689358,0.018810242,1471.433333,,,19.90091026,24.8,18.9,0
Litoria peronii,-30.5673,152.787,25.78899956,3/01/2018,3,1,2018,4,0.085723674,1,1.02,,,,1636.5,22,22.85092492,17.88038605,23,13,21
Litoria peronii,-32.81358815,151.4511106,5,4/01/2018,4,1,2018,2,0.680343499,2,1.3635,14.44158712,2.671901966,0.356927796,2024.15,24,18.30228736,20.62327295,27.3,18.5,0
Litoria caerulea,-12.8018,130.491,218.447998,4/01/2018,4,1,2018,2,0.040704681,27,0.360592593,88.68890858,0.317669914,0.553538872,468.9666667,,,27.85608792,33.2,25.5,0.6
Limnodynastes peronii,-33.80818276,151.1981738,10,4/01/2018,4,1,2018,1,0.915830449,14,0.062285714,14.26331287,4.144682806,0.01599723,787.5,,,19.4675752,25.7,17.9,1
Litoria caerulea,-17.2363,145.483,20,5/01/2018,5,1,2018,1,0.536866513,19,0.279473684,87.97088,0.400300679,0.413307917,616.5105263,,,29.22624521,30.6,21.3,0.1
Limnodynastes peronii,-35.34966447,150.4700981,65,2/01/2018,2,1,2018,2,0.740785431,3,0.069666667,2.68335042,22.29390506,0.003067068,602.9333333,,,20.88909767,24.9,17.9,0
Litoria peronii,-35.34966447,150.4700981,65,2/01/2018,2,1,2018,2,0.740785431,5,1.3462,5.757572042,9.091812622,0.158200987,1860.5,29,21.90087158,20.88909767,24.9,17.9,0
Litoria peronii,-30.38910292,152.6761597,10,4/01/2018,4,1,2018,6,0.130026818,6,1.966666667,5.365376363,9.26459049,0.18575049,1622.15,31,14.98404334,15.19892976,22,14,2
Litoria caerulea,-21.4262,149.205,7,3/12/2017,337,12,2017,2,0.619298109,44,0.208681818,92.94345276,0.436679454,0.334458977,1391.813636,,,,,,
Litoria caerulea,-12.41156322,130.8540771,5,7/01/2018,7,1,2018,2,0.702945924,40,0.2076,125.2723898,0.271904221,0.436752722,1556.8575,,,25.4556312,28.1,24.6,28.8
Litoria caerulea,-32.7316,152.007,21,9/01/2018,9,1,2018,1,0.674292996,39,0.272025641,113.0317629,0.257833735,0.515340291,1373.705128,,,,,,
Litoria caerulea,-12.37075698,130.8909039,65,12/01/2018,12,1,2018,1,0.903306267,74,0.271630137,73.09943351,0.546704546,0.494822869,997.5351351,,,26.22668567,33.3,25.2,6.8
Litoria caerulea,-19.1595,146.564,4,15/01/2018,15,1,2018,2,0.313525634,60,0.198166667,122.0915378,0.292563271,0.424956626,1436.993333,,,25.64213496,33.3,26.3,0
Litoria caerulea,-12.3878,130.879,44.3409996,19/01/2018,19,1,2018,1,0.885667722,29,0.239482759,139.7586377,0.189279009,0.558657953,641.5689655,,,30.47236886,32.7,24.4,7.8
Litoria caerulea,-17.92425094,122.2344598,65,18/01/2018,18,1,2018,2,0.638539626,20,0.261052632,103.4647373,0.309030387,0.497628244,1683.91,,,28.34923624,32.6,24.4,1.8
Litoria caerulea,-12.5897,131.053,20,22/01/2018,22,1,2018,1,0.289568332,12,0.231916667,118.8852341,0.269843909,0.478359076,1220.241667,,,28.26250668,32.9,23,10.8
Litoria peronii,-34.8009,150.492,14,23/01/2018,23,1,2018,2,0.0997752,3,1.122,3.455148777,16.05716694,0.084816668,1894.9,22.66666667,22.45091357,,,,
Litoria peronii,-33.61794886,150.8935973,5,26/01/2018,26,1,2018,2,0.569586323,6,1.325,8.789646782,5.524598248,0.259928892,2153.3,,,27.3145005,35.1,20.7,0
Limnodynastes peronii,-32.3614,151.923,133.3690033,26/01/2018,26,1,2018,1,0.261289158,9,0.071333333,17.49216601,3.35792427,0.021095307,555.0555556,,,,,,
Limnodynastes peronii,-34.4463,150.843,127.3700027,28/01/2018,28,1,2018,1,0.847393648,14,0.063928571,13.49389707,4.383500372,0.019895251,639.8285714,,,,,,
Litoria caerulea,-28.5584,153.481,19,31/01/2018,31,1,2018,1,0.464810815,34,0.258575758,123.8785143,0.224530006,0.537705351,1056.397059,,,24.16814294,29.2,21.9,3.2
Litoria caerulea,-24.913,152.375,20,3/02/2018,34,2,2018,1,0.543391102,9,0.287,89.76507052,0.379825015,0.431950371,516.8,,,21.26512591,21.3,19.2,28.6
Litoria peronii,-35.07348229,150.6772709,6,19/11/2017,323,11,2017,3,0.571491593,3,1.541333333,4.986646237,10.46704348,0.133864879,1722.666667,26,17.57346573,,,,
Litoria caerulea,-32.65118795,152.1562093,165,3/02/2018,34,2,2018,1,0.529269017,48,0.371833333,100.6255672,0.312800638,0.544175404,671.125,,,20.86445527,24.4,18.5,0.3
Litoria caerulea,-19.2739,146.744,26.03899956,4/02/2018,35,2,2018,1,0.762834104,9,0.217,116.1023572,0.302431512,0.421124468,1071.866667,,,26.38398369,30.2,24.1,7.8
Litoria caerulea,-16.8112,145.698,21.02700043,6/02/2018,37,2,2018,1,0.636405414,38,0.280710526,134.3576887,0.165350238,0.630651991,711.7342105,,,,,,
Limnodynastes peronii,-34.53922659,150.3869953,401.6488208,8/02/2018,39,2,2018,1,0.562188228,10,0.0532,9.636008886,6.172951052,0.010336359,1412.58,,,21.93560855,33.2,13.9,0
Limnodynastes peronii,-32.98907084,151.5929021,5,9/02/2018,40,2,2018,1,0.717284251,14,0.057357143,15.93288961,3.709332306,0.015469856,1138.171429,,,26.25125831,34.5,18.75,0
Limnodynastes peronii,-33.659,151.031,20,9/02/2018,40,2,2018,1,0.645412625,20,0.09345,20.14480944,2.885867108,0.031468779,1365.18,,,,,,
Litoria caerulea,-12.52706693,131.1752471,5,9/02/2018,40,2,2018,2,0.207049876,51,0.183313725,50.30082707,1.010590108,0.398158604,822.6857143,,,27.1678489,32.5,24.7,31.4
Litoria caerulea,-28.8681,153.481,23.60000038,3/02/2018,34,2,2018,1,0.404546979,30,0.351033333,70.56763667,0.499798412,0.412439838,450.7866667,,,22.63177967,24.3,17.6,15.2
Litoria caerulea,-12.40889056,130.819081,24,16/02/2018,47,2,2018,1,0.47650069,44,0.197659091,116.2616071,0.31805368,0.385232783,1200,,,,,,
Litoria caerulea,-17.92280715,122.2295275,68.57455121,17/02/2018,48,2,2018,1,0.619655188,30,0.220933333,133.8160832,0.227824177,0.4926504,1452.796667,,,25.1226177,27.8,23.8,376.8
Litoria caerulea,-17.94476156,122.2354053,5,16/02/2018,47,2,2018,1,0.797035372,32,0.21765625,134.7981948,0.228681255,0.486148825,1286.621875,,,25.28233114,25.3,24.3,25.2
Limnodynastes peronii,-26.6962,152.909,4,6/12/2017,340,12,2017,2,0.437022796,18,0.015666667,18.18285688,3.284182755,0.004839815,1574.327778,,,20.60696184,31.6,14.7,17.6
Limnodynastes peronii,-32.6042,151.615,21.30200005,22/02/2018,53,2,2018,1,0.475701454,11,0.056454545,11.80275733,5.026841567,0.013207289,1064.954545,,,23.62655373,29.5,15.4,0
Litoria peronii,-28.63840143,153.2191448,24,22/02/2018,53,2,2018,3,0.244544406,7,1.3452,6.193131892,8.268531124,0.15601088,1894.942857,27.2,20.80093098,21.89396708,25.2,19.1,0
Limnodynastes peronii,-33.89760938,151.1839914,100,23/02/2018,54,2,2018,1,0.939150639,27,0.06237037,27.95710261,2.084459039,0.030770189,1221.811111,,,23.06552118,26.8,20,0
Litoria caerulea,-21.04,149.158,28.34000015,23/02/2018,54,2,2018,1,0.595858111,81,0.173234568,81.04475542,0.566492392,0.398852967,430.7,,,24.47487565,26.6,22.9,27.4
Litoria caerulea,-27.7825,153.336,3.900000095,23/02/2018,54,2,2018,1,0.62872498,51,0.199647059,136.0389901,0.241867619,0.461648005,499.9235294,,,,,,
Litoria caerulea,-28.63770311,153.2192332,4,23/02/2018,54,2,2018,4,0.244692351,52,0.214882353,52.48814561,0.928208207,0.399893674,970.6615385,,,22.72756169,24.7,20.6,17
Litoria caerulea,-24.4312,151.855,17.35400009,22/02/2018,53,2,2018,2,0.066386876,33,0.355121212,124.9892828,0.123990696,0.767102206,1064.921212,,,24.93220949,28,20.1,19.2
Limnodynastes peronii,-33.700413,151.2823979,5,28/02/2018,59,2,2018,1,0.797133655,13,0.075384615,12.65399476,4.665890839,0.01724585,1212.5,,,22.08547793,29,15,0
Litoria caerulea,-19.2071,146.775,16.44599915,28/02/2018,59,2,2018,2,0.459883861,50,0.195530612,143.4430427,0.223066425,0.474934428,1441.876,,,25.51846391,27.2,23.7,93.6
Limnodynastes peronii,-33.87499103,151.1421681,65,28/02/2018,59,2,2018,1,0.906313898,21,0.054142857,21.88830681,2.686804467,0.020663366,762.9047619,,,21.89943898,29.4,12.9,0
Limnodynastes peronii,-34.6766269,150.8037773,10,1/03/2018,60,3,2018,1,0.286021227,13,0.109769231,12.90705465,4.539442796,0.024743177,1291.984615,,,21.65584272,23.2,20.1,0
Litoria caerulea,-32.16968951,152.4856828,5,27/11/2017,331,11,2017,1,0.687942245,79,0.267582278,114.2771201,0.257399359,0.510377393,1179.341026,,,21.40897645,24.5,22,0
Limnodynastes peronii,-33.73384807,151.1696014,30,2/03/2018,61,3,2018,1,0.775306398,10,0.0898,9.923784263,5.957520862,0.015603336,878.54,,,,,,
Litoria caerulea,-29.50551176,152.8237346,165,5/03/2018,64,3,2018,2,0.065061969,74,0.216136986,102.6278356,0.368457925,0.382915295,1125.6875,,,24.57675491,30.3,22.3,0.8
Litoria caerulea,-28.3196,153.465,10,6/03/2018,65,3,2018,1,0.557493592,11,0.288545455,110.3522279,0.256718958,0.5290884,485.4909091,,,26.51088,29,19.9,47.5
Limnodynastes peronii,-33.9119,151.184,10,7/03/2018,66,3,2018,1,0.933320283,11,0.087545455,26.92518421,2.140302856,0.040754184,986.6454545,,,19.13730431,25.6,18.7,3.4
Limnodynastes peronii,-25.3576,152.762,12.00199986,19/03/2018,78,3,2018,1,0.34846621,12,0.024333333,26.23958939,2.262225831,0.010857036,1493,,,26.81495511,31,22.1,0.6
Limnodynastes peronii,-37.8789,145.251,10,27/03/2018,86,3,2018,1,0.915323659,6,0.037333333,11.0868881,5.374710363,0.007106548,933.1333333,,,19.69359153,21.9,8.9,1.8
Limnodynastes peronii,-33.51968169,151.3629901,10,30/03/2018,89,3,2018,1,0.625326151,18,0.056444444,18.03171513,3.27111641,0.017182125,1598.233333,,,18.91547187,31.9,17.8,0
Limnodynastes peronii,-33.87368176,151.113957,6,1/04/2018,91,4,2018,1,0.92384555,15,0.024933333,15.21295764,3.919389942,0.00666527,970.46,,,23.68032996,30.2,16,0
Litoria caerulea,-19.6354,146.846,10,26/03/2018,85,3,2018,2,0.367323399,17,0.219,117.4562632,0.294672483,0.42685008,1514.941176,,,23.75042478,24.1,22.9,8.6
Limnodynastes peronii,-33.44154973,151.3515532,10,5/04/2018,95,4,2018,1,0.793474828,18,0.0235,17.71201497,3.364095804,0.007225709,693.8833333,,,23.74609623,26.8,16.8,1.6
Limnodynastes peronii,-33.9444,151.122,572,5/04/2018,95,4,2018,1,0.910975102,7,0.052,6.417375642,9.293497555,0.010662694,553.7,,,19.16639383,28.5,15.4,0
Litoria peronii,-32.86215516,150.8587136,10,1/04/2018,91,4,2018,1,0.106048383,7,0.581428571,12.24912448,4.335363208,0.127964324,1279.7,,,26.63248313,30.8,17.6,0
Limnodynastes peronii,-33.66950703,150.3045748,5,8/04/2018,98,4,2018,1,0.390775625,15,0.037,15.42850549,3.852109204,0.009583003,637.38,,,24.50788648,27.2,12.1,0
Litoria caerulea,-26.15542114,152.6386627,48,3/12/2017,337,12,2017,3,0.419758361,82,0.281573171,106.9853987,0.279187595,0.503475577,490.5707317,,,26.73338989,29.9,22.1,8.4
Limnodynastes peronii,-33.89828777,151.132718,10,13/11/2017,317,11,2017,1,0.930268468,18,0.052666667,18.0819954,3.264730325,0.016528706,1272.866667,,,20.46594096,22.3,14.6,0
Litoria peronii,-36.36153926,146.6903963,10,15/11/2017,319,11,2017,2,0.548556518,10,1.4273,10.91262541,4.129074172,0.249510714,1860.48,23.66666667,17.01165142,22.79639401,33,12.4,0
Limnodynastes peronii,-33.7326,151.214,21.09499931,20/12/2017,354,12,2017,1,0.730578552,13,0.171615385,15.61134365,3.670806796,0.04679901,1225.746154,,,,,,
Litoria caerulea,-19.38078268,146.7335636,65,28/02/2018,59,2,2018,2,0.637730166,43,0.22255814,140.4347518,0.204925691,0.523564422,1267.953488,,,24.54709401,26.4,23.1,160
Limnodynastes peronii,-17.01882518,145.7497545,64,17/04/2018,107,4,2018,1,0.70841009,33,0.052,32.67589771,1.784014578,0.030435336,1025.766667,,,28.12269516,30.4,23.2,30.8
Litoria caerulea,-19.25192309,146.6729633,10,15/01/2018,15,1,2018,4,0.594434196,26,0.201576923,117.6426892,0.307773085,0.396267672,,,,25.6428905,33.3,26.3,0
Litoria peronii,-38.24796079,147.0354586,5,7/12/2017,341,12,2017,3,0.091798503,2,2.274,4.922627345,,,1722.7,30,13.24805847,15.71594411,25.1,11.2,0
Limnodynastes peronii,-30.58979813,153.006185,16,19/04/2018,109,4,2018,1,0.427603846,19,0.081684211,19.80279251,2.948643003,0.026905012,680.0315789,,,24.18459373,25.9,16.6,0.8
Litoria peronii,-36.19560113,146.6136029,30,2/01/2018,2,1,2018,1,0.119132937,2,1.748,3.355243325,16.13404057,0.097751708,2067.2,22,13.03538175,17.27220169,30.7,11,0
Litoria caerulea,-23.25539898,150.4729036,65,2/02/2018,33,2,2018,1,0.337681407,8,0.2235,112.8858606,0.296678849,0.441101792,538.3375,,,24.42310969,27.5,23.2,1.4
Litoria peronii,-33.81170457,150.9389173,10,22/11/2017,326,11,2017,1,0.911774463,4,1.427666667,3.267009969,13.91847615,0.118867204,1679.625,22.33333333,14.02392296,19.86286225,24.7,14.5,0
Litoria peronii,-36.43504775,145.2239524,8,29/11/2017,333,11,2017,1,0.661230558,5,1.1105,4.001819285,11.91319793,0.085758269,2222.24,24.75,23.08406381,25.82010768,34.6,20.9,0
Limnodynastes peronii,-25.32805835,152.8521698,48,27/01/2018,27,1,2018,1,0.378853846,11,0.1302,19.05084097,3.019433798,0.041720722,923.9545455,,,27.59357998,32.3,25.7,0
Limnodynastes peronii,-33.91733505,151.142505,32,7/05/2018,127,5,2018,1,0.896726919,16,0.0529375,16.4340895,3.598110698,0.01631686,689.1,,,15.03606275,25.1,7.9,0
Limnodynastes peronii,-33.43348458,151.2952962,8,8/05/2018,128,5,2018,1,0.763971447,26,0.072576923,26.47828416,2.193477476,0.032388022,1245.638462,,,22.51571218,25.5,10.7,0
Litoria caerulea,-27.44301683,153.0542052,65,26/12/2017,360,12,2017,1,0.875048207,69,0.249014493,137.0404898,0.188780596,0.570507749,1023.608696,,,25.78265599,29.7,19,54.8
Litoria caerulea,-16.78496136,145.6891197,6,21/01/2018,21,1,2018,1,0.684677705,37,0.217810811,113.9518359,0.309300755,0.413696918,483.3166667,,,,,,
Limnodynastes peronii,-34.47629128,150.9127864,5,5/07/2018,186,7,2018,1,0.913065301,10,0.0266,12.63058194,4.722735629,0.006037467,887.17,,,,,,
Litoria caerulea,-24.76330118,152.407279,12,30/11/2017,334,11,2017,2,0.478177653,40,0.222128205,85.45947249,0.479455843,0.317885308,1283.39,,,24.16945471,26.5,20.7,18.4
Limnodynastes peronii,-32.34224651,152.5385104,65,6/09/2018,249,9,2018,1,0.471348962,14,0.070846154,29.02291092,1.996353342,0.036785833,732.1642857,,,16.41087605,19,10.6,0.1
Limnodynastes peronii,-27.50540641,152.6801085,10,6/09/2018,249,9,2018,1,0.390096594,6,0.088,11.05727782,5.337592195,0.01659969,1464.3,,,16.789909,25,8.2,0
Limnodynastes peronii,-29.6666,152.939,10,6/09/2018,249,9,2018,2,0.573918762,20,0.01965,47.85684987,1.23403132,0.017035292,1378.1,,,14.91976112,21.5,11.3,8.4
Limnodynastes peronii,-34.85206987,150.7394596,65,7/09/2018,250,9,2018,1,0.646372158,4,0.0885,3.979266814,14.98209493,0.006979645,1098.175,,,,,,
Limnodynastes peronii,-32.74476664,151.601612,6,8/09/2018,251,9,2018,1,0.823488581,17,0.037764706,16.49856074,3.599182348,0.010527421,967.7588235,,,12.56699164,17.1,11.2,2
Litoria peronii,-34.31637525,150.9187389,65.12220215,12/09/2018,255,9,2018,1,0.75576542,2,2.005,1.598005365,35.542059,0.053399655,1722.7,35,17.75456919,19.97891864,20.9,15.6,0
Limnodynastes peronii,-33.29294178,151.4718051,5,14/09/2018,257,9,2018,1,0.623464788,10,0.0427,9.621457174,6.193289851,0.007051307,1076.67,,,18.17148661,23.9,15.5,0
Limnodynastes peronii,-28.68281352,153.5241502,10,14/09/2018,257,9,2018,2,0.547625022,11,0.063090909,18.67179247,3.151253369,0.020658922,1432.918182,,,19.34989448,23.5,16.5,0
Litoria peronii,-33.08670868,151.4207724,16,19/09/2018,262,9,2018,1,0.374160609,4,2.703,11.4200568,2.533005314,0.511480886,1830.325,32,12.16097968,18.75036584,29.2,6.6,0
Litoria caerulea,-30.9048968,147.485164,24,25/09/2018,268,9,2018,1,0.324584507,18,0.194166667,127.8529765,0.273544492,0.418413669,1287.216667,,,22.86487517,25.2,11,0
Limnodynastes peronii,-33.71051811,151.0531343,5,28/09/2018,271,9,2018,1,0.631466832,24,0.102,24.29438237,2.368173337,0.04172687,441.4625,,,,,,
Litoria caerulea,-32.07578488,152.4939425,165,28/09/2018,271,9,2018,1,0.320924854,7,0.278666667,106.8390525,0.259237357,0.522844171,430.7,,,18.2622445,21.2,10.8,0.1
Litoria caerulea,-26.71561345,152.8549648,10,27/09/2018,270,9,2018,1,0.323963265,31,0.271064516,85.72917854,0.43030803,0.412222765,747.416129,,,22.13174263,23.9,13.1,0
Litoria caerulea,-27.537,153.222,10,1/10/2018,274,10,2018,1,0.862304483,36,0.341944444,63.69948567,0.59822182,0.402599224,504.8361111,,,20.8975502,22.9,10.5,8.8
Litoria peronii,-33.7752,150.978,10,2/10/2018,275,10,2018,1,0.900218461,3,2.09,8.991501643,8.968091141,0.310196832,2067.2,27,14.00036954,17.41810281,25.7,7,0
Litoria peronii,-34.0086,151.081,17.56699944,1/10/2018,274,10,2018,1,0.843054261,2,3.0805,3.138489837,15.89001153,0.168802535,1981.1,40.5,13.60657107,,,,
Litoria caerulea,-31.85136414,152.3778615,10,6/10/2018,279,10,2018,1,0.378403101,27,0.445481481,50.01295661,0.753324874,0.371979463,1052.740741,,,17.476211,18.6,14.5,61.2
Litoria peronii,-34.3768097,150.8854526,5,9/10/2018,282,10,2018,2,0.780853128,4,2.52625,3.762224266,13.39117269,0.175450845,1765.75,35.25,14.8360915,16.47782037,21.5,12.3,5.2
Litoria peronii,-33.96182804,150.953327,65,10/10/2018,283,10,2018,2,0.832563801,4,1.744666667,3.353399045,17.10852876,0.07868426,2024.15,23,13.45995899,15.59637459,16.7,15.8,0
Litoria caerulea,-21.09393406,149.1656646,65,11/10/2018,284,10,2018,1,0.736208978,6,0.2395,127.5369376,0.23698467,0.495745372,875.6666667,,,22.48036249,29.9,20.2,0
Limnodynastes peronii,-26.62348693,152.842719,8.001208274,11/10/2018,284,10,2018,2,0.389220547,10,0.03425,21.03134339,3.720129222,0.009206632,660.3666667,,,22.84474209,24.4,18.7,2.8
Limnodynastes peronii,-35.04137499,150.6679532,12.00181241,11/10/2018,284,10,2018,1,0.508391936,3,0.025333333,5.988205078,9.990529401,0.003268668,1205.9,,,14.32258826,19,12,
Limnodynastes peronii,-34.6146,150.319,92.90000153,11/10/2018,284,10,2018,2,0.355224336,11,0.022,22.72963578,2.617240198,0.008681091,1205.9,,,12.54709226,13.1,5.1,0.2
Litoria caerulea,-30.0138582,153.1995911,12.00181241,13/10/2018,286,10,2018,1,0.312217292,30,0.389433333,83.62502674,0.318408949,0.548482639,447.9233333,,,19.59998549,19.7,14,7.8
Litoria caerulea,-27.89802551,153.3979809,5,14/10/2018,287,10,2018,1,0.796696201,8,0.380714286,92.87934732,0.314650591,0.505537491,545.5,,,18.47295545,20.7,16.8,12.8
Limnodynastes peronii,-34.22763062,150.9912871,65,14/10/2018,287,10,2018,1,0.482424543,8,0.04175,14.63385688,4.058887271,0.01034158,1022.825,,,,,,
Limnodynastes peronii,-34.3346,150.91,3,14/10/2018,287,10,2018,3,0.798430405,13,0.128615385,24.1219698,2.35847004,0.058363795,490.3076923,,,16.94780512,20.3,15.2,1.4
Litoria peronii,-34.3346,150.91,3,14/10/2018,287,10,2018,3,0.798430405,1,1.694,,,,1894.9,23,13.91524352,16.94780512,20.3,15.2,1.4
Litoria caerulea,-26.1133,152.799,3.038000107,14/10/2018,287,10,2018,2,0.149723024,22,0.248409091,97.50345906,0.3649002,0.408854358,1100.136364,,,21.12219225,21.9,16.9,9.8
Litoria caerulea,-31.0763,152.851,22.83200073,14/10/2018,287,10,2018,1,0.556823953,51,0.321039216,53.75949456,0.79318408,0.289124068,516.8,,,17.03544292,22.7,14.3,8
Litoria peronii,-34.0463,151.091,24,16/10/2018,289,10,2018,1,0.885577325,5,2.0924,8.064926941,5.42636074,0.325284819,1860.46,33.4,17.13728124,,,,
Litoria caerulea,-28.0724,153.395,3,16/10/2018,289,10,2018,1,0.853404666,37,0.332540541,112.0864217,0.202688804,0.622573706,442.3378378,,,22.12731112,25.2,18.1,30.6
Limnodynastes peronii,-33.80173009,151.0915807,5,14/10/2018,287,10,2018,2,0.903020771,18,0.047333333,18.68294248,3.163413444,0.015804445,813.4666667,,,17.13663869,21.5,14.6,41.2
Litoria peronii,-33.80173009,151.0915807,5,14/10/2018,287,10,2018,2,0.903020771,22,1.169380952,20.98528568,1.61505444,0.430835048,1904.005263,,,17.13663869,21.5,14.6,41.2
Litoria caerulea,-32.7714,151.634,16,17/10/2018,290,10,2018,1,0.763973598,24,0.306166667,108.7017562,0.244856864,0.558453267,735.7416667,,,21.51308088,26.4,17.4,0
Litoria caerulea,-30.9226,153.087,3,15/10/2018,288,10,2018,1,0.048406159,34,0.248382353,100.3153495,0.349808982,0.416710685,372.3676471,,,17.12551615,22.8,13,4.2
Limnodynastes peronii,-29.66788366,152.926583,10,18/10/2018,291,10,2018,1,0.606836887,10,0.0164,11.14757431,5.365899353,0.003220506,602.9,,,21.77635284,24.8,18.7,3.8
Litoria peronii,-28.39453869,153.4224065,12.00181241,7/10/2018,280,10,2018,2,0.267726141,2,1.601,1.665143886,34.41057006,0.04501483,2067.2,28.5,18.80869088,19.55357987,24.5,14.2,2.5
Litoria peronii,-34.28202374,148.3680294,10,19/10/2018,292,10,2018,1,0.228385469,10,0.448,31.08621973,1.46823272,0.333736418,1662.38,5,11.55860194,20.30004776,29.9,5.5,0
Limnodynastes peronii,-33.7534,151.219,3,19/10/2018,292,10,2018,3,0.812183576,13,0.059769231,15.30173336,3.863251204,0.015562684,1053.469231,,,,,,
Litoria caerulea,-27.9795,152.658,3.417000055,13/10/2018,286,10,2018,1,0.366307061,5,0.3868,53.29947693,0.742359579,0.342432162,689.1,,,20.09406437,20.2,14.2,18.2
Litoria peronii,-34.30249023,150.9371066,10,20/10/2018,293,10,2018,1,0.607059131,5,2.374,6.080182417,7.535198408,0.240624784,1791.58,44.6,19.75455325,,,,
Litoria peronii,-33.43333322,151.2954615,12.00181241,27/10/2018,300,10,2018,3,0.763929047,24,1.281916667,2.213590874,1.226199379,0.536325592,2002.608333,18.26086957,12.29126117,19.46028918,24.6,15.1,0
Limnodynastes peronii,-34.49609981,150.775259,5,27/10/2018,300,10,2018,4,0.723325872,20,0.029263158,20.05217125,2.963394678,0.009837246,654.595,,,18.16604392,22.3,11.3,0
Limnodynastes peronii,-32.91588442,151.7217622,5,16/11/2017,320,11,2017,1,0.9113196,15,0.072266667,15.41635187,3.820413938,0.019732001,947.5,,,21.30155165,27.3,15.6,0
Limnodynastes peronii,-37.82381384,145.1644969,65,1/11/2018,305,11,2018,1,0.909362215,5,0.0432,8.879900249,6.711458603,0.006709608,913.02,,,20.87138106,31.9,10.5,0
Litoria peronii,-35.17989786,149.7273027,5,28/10/2018,301,10,2018,4,0.137750822,6,2.526833333,6.118581526,7.219455156,0.269889849,1938,20.16666667,7.366600552,13.4100924,18.9,5.1,0
Limnodynastes peronii,-33.43010405,151.4275769,8.001208274,1/11/2018,305,11,2018,2,0.771897283,16,0.046875,15.81676993,3.746970054,0.012719164,753.65,,,23.45503491,30,18.4,0.4
Litoria caerulea,-16.80657387,145.6347656,164.4470247,2/11/2018,306,11,2018,2,0.333892707,55,0.219763636,54.58235294,0.879848976,0.332320323,1638.078182,,,,,,
Limnodynastes peronii,-27.0613,152.857,92.90000153,5/11/2018,309,11,2018,3,0.503307565,11,0.0255,30.61601481,2.347819071,0.015810201,1636.509091,,,24.9922927,34.4,18.5,0
Limnodynastes peronii,-34.0383,151.077,7.631000042,6/11/2018,310,11,2018,1,0.918435552,14,0.098357143,14.75468465,3.968528521,0.026484165,1119.7,,,,,,
Limnodynastes peronii,-33.7693,151.168,3.575999975,6/11/2018,310,11,2018,2,0.837728842,9,0.123222222,22.08837315,2.59429523,0.045424122,1158.011111,,,,,,
Litoria peronii,-33.7693,151.168,3.575999975,6/11/2018,310,11,2018,2,0.837728842,4,1.222,8.739948015,5.603114125,0.204021481,2024.15,,,,,,
Litoria caerulea,-32.84265137,151.8297697,165,7/11/2018,311,11,2018,1,0.495869325,58,0.220051724,104.1667067,0.356357058,0.381337871,552.4275862,,,26.89653968,27.3,20.9,0
Litoria caerulea,-32.6531,151.433,25.14100075,9/11/2018,313,11,2018,1,0.367199123,27,0.19196,135.6736125,0.253038047,0.427625661,692.544,,,23.07078987,23.3,8.8,0
Litoria caerulea,-17.37574768,145.7043805,12.00181241,9/11/2018,313,11,2018,1,0.193316027,8,0.227375,111.3561348,0.308914036,0.427980687,762.9142857,,,28.07113495,30.3,21.9,1.2
Litoria peronii,-34.33458318,150.909534,5,9/11/2018,313,11,2018,1,0.798447429,1,2.646,,,,1464.3,33,12.99228583,15.74490626,20.1,11.2,0
Litoria peronii,-33.7874,151.008,3,9/11/2018,313,11,2018,1,0.783337084,4,2.154666667,2.878676573,16.85538832,0.10762163,1830.35,31,15.39332447,16.65050574,22.5,7.5,0
Litoria peronii,-33.60621993,150.9286037,5,10/11/2018,314,11,2018,2,0.484832799,4,1.994,9.59442118,4.218091582,0.340386743,2304.05,,,15.060256,25.6,9.9,0
Litoria peronii,-37.7590492,145.3697526,5,10/11/2018,314,11,2018,1,0.82468334,1,3.216,,,,1894.9,27,8.704385671,10.00201,21.7,3.4,1.2
Litoria caerulea,-32.2108,152.545,16,9/11/2018,313,11,2018,1,0.524558962,14,0.289461538,72.34405932,0.530567959,0.454483178,639.8285714,,,18.48489168,22,12.5,0
Litoria peronii,-34.96755981,150.5777763,65,11/11/2018,315,11,2018,4,0.287341851,6,2.299333333,10.71498772,3.364412628,0.395501297,1823.15,,,,,,
Litoria peronii,-32.19406786,148.9002977,50,11/11/2018,315,11,2018,1,0.265056013,2,1.5985,5.110511961,10.06429254,0.142756238,2067.2,31.5,22.19229626,19.9270767,28.6,12,0
Litoria peronii,-33.1105551,148.8238132,5,11/11/2018,315,11,2018,1,0.165493262,3,1.778,3.347533961,16.28253818,0.092399069,2239.466667,24.33333333,14.89985572,12.88367574,23,4.2,0
Litoria peronii,-32.1798,148.628,87.40100098,11/11/2018,315,11,2018,1,0.530202428,4,1.98125,3.701460877,14.2302356,0.196202812,2174.85,39,20.54837823,19.92670851,28.6,12,0
Litoria caerulea,-12.8291,130.924,16.89999962,11/11/2018,315,11,2018,1,0.13069265,32,0.247375,130.8949767,0.211807938,0.537831587,1534.253125,,,28.59821855,31.8,24.8,0.6
Litoria peronii,-37.70299593,145.28336,5,10/11/2018,314,11,2018,2,0.491967281,4,2.441333333,4.052901477,12.08119135,0.104062458,2182.033333,22.33333333,9.236509632,10.00085513,21.7,3.4,1.2
Limnodynastes peronii,-33.94902071,151.2513299,65,11/11/2018,315,11,2018,2,0.872195483,3,0.080666667,4.916213917,12.13220722,0.005962569,1464.266667,,,,,,
Litoria peronii,-33.94902071,151.2513299,65,11/11/2018,315,11,2018,2,0.872195483,4,1.374,4.803452155,11.2322299,0.173099612,2067.2,18.75,13.75386309,,,,
Litoria peronii,-33.69361112,151.0964898,50,9/11/2018,313,11,2018,2,0.780637272,9,1.258333333,11.0141368,4.130519858,0.402004228,2048.066667,26.25,13.75531247,,,,
Litoria caerulea,-27.5742,152.875,21.03800011,12/11/2018,316,11,2018,1,0.738562251,23,0.324913043,94.30158608,0.310125329,0.511951309,434.4434783,,,16.01397684,28.4,14.2,0
Litoria peronii,-33.74741372,151.1517832,10,12/11/2018,316,11,2018,1,0.809717971,3,0.342333333,7.742785612,7.38267293,0.047217599,1521.7,3.333333333,9.61413715,,,,
Litoria peronii,-32.0566,151.917,8.42800045,9/11/2018,313,11,2018,2,0.241221653,7,1.71,5.972441188,7.962470727,0.20440647,2239.457143,29.6,15.06078024,12.9773797,22.7,9.3,0
Litoria peronii,-33.70751953,151.177495,16.00241655,12/11/2018,316,11,2018,3,0.620216915,12,1.73775,12.74701117,2.977248433,0.384045811,1772.916667,28.08333333,16.42270561,,,,
Litoria peronii,-33.402,151.352,22.53899956,12/11/2018,316,11,2018,1,0.854055072,8,1.385,8.414143023,5.84044916,0.203175713,1701.125,23.33333333,17.97254769,17.68023845,23.3,12.1,0
Litoria peronii,-37.6368,145.261,3,12/11/2018,316,11,2018,1,0.495287078,5,0.9194,13.23527465,3.498920629,0.236246774,2067.2,11.6,12.56729233,17.70138785,27.7,5.8,0
Limnodynastes peronii,-34.63500802,150.8565384,5,12/11/2018,316,11,2018,2,0.637371847,4,0.091,14.53314996,4.040179019,0.021487043,1205.9,,,17.80906538,22.6,14.6,0
Litoria peronii,-34.63500802,150.8565384,5,12/11/2018,316,11,2018,2,0.637371847,2,1.889,4.312417205,11.16993219,0.131880629,1435.566667,27.5,15.24053245,17.80906538,22.6,14.6,0
Litoria peronii,-33.77404948,150.9693277,65,13/11/2018,317,11,2018,2,0.907705302,4,1.86275,4.659055592,10.96265138,0.156734594,1894.925,34.5,19.12344047,20.18766422,27.2,13,0
Limnodynastes peronii,-38.33463981,143.5938565,5,13/11/2018,317,11,2018,1,0.718141684,16,0.0421875,16.14252196,3.67469562,0.011486424,818.2625,,,21.56708851,31.9,14.1,0
Litoria peronii,-33.7563,150.925,14.85000038,13/11/2018,317,11,2018,1,0.918631689,2,2.124,2.008210681,27.76019117,0.070856728,2067.2,36.5,18.66006971,,,,
Litoria peronii,-34.4236,150.851,7.315999985,13/11/2018,317,11,2018,2,0.766613491,11,1.7343,12.14046094,3.507439466,0.390171782,1863.6,26.55555556,14.51941775,,,,
Litoria peronii,-30.78736838,151.3246707,10,12/11/2018,316,11,2018,2,0.160190604,1,1.67,,,,1808.8,17,10.23017903,14.08255843,27,7.3,0
Limnodynastes peronii,-34.73671645,150.5347915,165,14/11/2018,318,11,2018,2,0.342046896,17,0.107352941,17.98496868,3.228038466,0.033329029,1312.258824,,,,,,
Limnodynastes peronii,-33.4701,151.363,17,14/11/2018,318,11,2018,3,0.66534841,6,0.029166667,16.62797873,3.580902399,0.007882302,1536.033333,,,18.80921416,22.6,16.2,0
Litoria peronii,-33.4701,151.363,17,14/11/2018,318,11,2018,3,0.66534841,6,1.47,15.8013962,2.193657876,0.371876888,1929.38,24.5,16.49552569,18.80921416,22.6,16.2,0
Limnodynastes peronii,-34.22611834,150.5849991,5,14/11/2018,318,11,2018,2,0.689591794,22,0.140333333,21.69583387,2.64149449,0.054617612,1280.259091,,,16.95843147,23.6,16,0.2
Litoria peronii,-34.22611834,150.5849991,5,14/11/2018,318,11,2018,2,0.689591794,7,1.758428571,7.33063032,6.452150705,0.298891,1796.5,25.28571429,15.51731761,16.95843147,23.6,16,0.2
Litoria caerulea,-12.54404449,131.0478168,5,15/11/2018,319,11,2018,1,0.518340533,11,0.2862,64.24537628,0.621226374,0.332921336,986.6181818,,,27.74181246,34.9,22.4,42.2
Litoria peronii,-33.98342398,151.2481855,5,15/11/2018,319,11,2018,2,0.781624709,6,1.138166667,13.96099023,3.208046481,0.346691679,1923.633333,14.5,11.5662265,,,,
Litoria caerulea,-30.1175,153.194,36.06700134,15/11/2018,319,11,2018,1,0.630844186,92,0.187847826,108.8571027,0.363402807,0.342270914,1289.165934,,,23.05562804,27.4,19.3,0
Litoria peronii,-33.7276,150.713,4.015999794,15/11/2018,319,11,2018,1,0.859242157,2,1.541,3.227873135,18.58809113,0.072824888,1894.9,21.5,14.44646071,18.3200229,28.1,14.7,0.4
Litoria caerulea,-29.49055481,153.2317867,5,17/11/2018,321,11,2018,1,0.307851527,48,0.320916667,74.76250718,0.48223809,0.400940528,1471.895556,,,22.32172958,26,19.9,0
Litoria caerulea,-17.9582,122.239,128,18/11/2018,322,11,2018,1,0.775297588,36,0.325388889,142.7786481,0.095308643,0.773779946,1059.930556,,,29.27132109,34.6,26.6,0.2
Litoria caerulea,-13.22342531,131.1162384,5,18/11/2018,322,11,2018,2,0.292930447,28,0.231821429,81.71430176,0.502797486,0.322536949,1538.085714,,,25.26632782,31.3,23.2,
Litoria caerulea,-28.8140936,153.5875928,16,18/11/2018,322,11,2018,1,0.544801707,53,,109.6385186,,,1114.858491,,,21.91110272,24.7,17.8,96.8
Litoria caerulea,-30.58967637,153.0058874,165,18/11/2018,322,11,2018,1,0.426167899,53,0.321584906,75.86616354,0.469161204,0.41216882,448.5698113,,,20.79797572,23,17.6,1.8
Litoria caerulea,-27.95318461,153.3971873,5,18/11/2018,322,11,2018,1,0.898126822,48,0.363565217,97.50830854,0.251533679,0.59352342,1187.531915,,,20.75980263,26.6,18.9,21.4
Litoria peronii,-32.41408388,142.3915569,65,18/11/2018,322,11,2018,2,0.088441242,2,1.347,16.02023609,15.9387253,0.07792557,1938,,,19.40478211,32.6,15.8,0
Litoria caerulea,-32.15670776,152.4892747,65,19/11/2018,323,11,2018,1,0.554251755,42,0.44852381,77.30031625,0.327875931,0.578701398,362.9690476,,,14.405203,23,14.5,4.8
Litoria caerulea,-28.35495567,153.5701355,10,18/11/2018,322,11,2018,1,0.518862577,51,0.27474,101.2990132,0.315905978,0.465365691,913.6647059,,,18.96648756,24,17.3,27
Litoria peronii,-37.7533,147.673,18.97800064,19/11/2018,323,11,2018,1,0.173378832,2,1.578,4.535017175,11.70896032,0.114966331,1550.4,25,15.98057416,16.38340927,25,8,0
Litoria caerulea,-28.78114319,153.3517699,165,19/11/2018,323,11,2018,1,0.418856676,28,0.300357143,58.03723866,0.730905911,0.312230591,1073.589286,,,19.13007728,25.6,15.7,1.2
Limnodynastes peronii,-33.72000672,150.5991462,10,19/11/2018,323,11,2018,1,0.665860547,10,0.036,9.556301455,6.243856455,0.007624957,1188.64,,,15.73193818,23.3,10.5,1.6
Limnodynastes peronii,-31.8985,152.444,16,7/03/2018,66,3,2018,1,0.719123126,7,0.098,14.14698711,4.143359272,0.023298597,947.5,,,18.42251843,25.2,17.9,15
Litoria caerulea,-31.4433,152.78,56.09999847,21/11/2018,325,11,2018,1,0.289488453,37,0.151162162,116.0651512,0.366872174,0.29060399,430.7,,,22.58170161,27.4,17.9,0
Litoria peronii,-28.05507598,153.1122044,10,21/11/2018,325,11,2018,5,0.260415166,6,1.8365,5.970502336,8.264619739,0.18460459,1952.35,35.16666667,19.58612944,23.28306261,31.5,13.5,0
Litoria peronii,-33.7189,151.002,5.077000141,18/11/2018,322,11,2018,2,0.840933196,12,1.324416667,12.18430792,3.584706633,0.336221853,1952.358333,14.8,14.16604773,17.35632159,22.8,14,0.6
Litoria caerulea,-26.65062747,152.9414904,312.5308926,22/11/2018,326,11,2018,3,0.561362062,66,0.185590164,68.45119696,0.364914795,0.337994586,1451.57377,,,23.44955591,30,21.8,4
Limnodynastes peronii,-26.99047047,152.7123971,10,22/11/2018,326,11,2018,2,0.2504855,9,0.031888889,18.69005575,3.178583513,0.010171726,861.3,,,21.68418002,31.2,21.7,1.2
Limnodynastes peronii,-38.25926672,145.1833126,5,24/11/2018,328,11,2018,2,0.639373635,8,0.031125,7.239087179,8.257022765,0.004433657,1948.775,,,14.22698385,17.1,12.4,3.4
Litoria caerulea,-17.9548,122.218,29.54000092,25/11/2018,329,11,2018,1,0.830420443,35,0.238028571,144.2287949,0.178218733,0.570460159,1033.585714,,,29.07035938,31.2,26.2,0
Litoria peronii,-31.74680035,150.0149469,6.000906205,21/11/2018,325,11,2018,2,0.014826565,2,2.575,4.154129895,14.44345784,0.151505736,1614.975,34.5,13.83650889,20.41411019,24.3,17.7,6
Litoria caerulea,-32.87286493,151.6585939,6.558167356,26/11/2018,330,11,2018,1,0.739822486,34,0.185323529,126.4789712,0.289249975,0.390937443,716.9176471,,,22.59397589,25.5,13,0
Litoria caerulea,-27.5216,151.913,3,27/11/2018,331,11,2018,2,0.49853683,60,0.256525424,122.1252249,0.234782879,0.525883548,570.840678,,,23.94429216,29.4,14.8,0
Litoria caerulea,-17.32504272,145.5913175,65,27/11/2018,331,11,2018,1,0.603946728,38,0.264657895,106.3354122,0.299184413,0.46976219,548.5315789,,,31.63112832,38.2,23,0
Limnodynastes peronii,-33.39738012,151.3778154,10,28/11/2018,332,11,2018,3,0.584888631,12,0.053666667,12.16260689,4.881583734,0.011575703,717.8083333,,,17.39283909,19.7,18.3,
Litoria peronii,-36.04606876,147.0083181,128,29/11/2018,333,11,2018,1,0.516406526,6,0.478666667,21.81093913,2.27243861,0.250089132,1952.35,,,19.20011308,27.7,11.1,0
Litoria caerulea,-32.19152832,152.519657,165,29/11/2018,333,11,2018,2,0.806254685,58,0.327982759,87.59154664,0.35161552,0.508682031,1416.763793,,,19.26660224,23,16.2,33
Limnodynastes peronii,-32.99487305,151.6333921,65,30/11/2018,334,11,2018,1,0.766402197,13,0.053230769,0.554134951,1.750640181,0.030399285,1245.646154,,,25.04144357,25.2,14.6,0
Litoria caerulea,-17.15009092,125.4569662,30,30/11/2018,334,11,2018,1,0.089407413,8,0.265125,107.8769289,0.288688553,0.483371989,725.9571429,,,,,,
Litoria peronii,-34.58,150.775,11.4989996,1/11/2018,305,11,2018,1,0.761682471,2,1.5745,4.895043447,10.65817264,0.130454228,1938,,,22.36533303,30,15.6,0
Litoria peronii,-35.4168,149.356,16,29/11/2018,333,11,2018,4,0.231314071,8,2.523125,8.317141325,4.73720841,0.373175562,1884.1625,,,15.49558491,23.4,10.8,3.8
Litoria peronii,-33.77522557,151.2764315,65,30/11/2018,334,11,2018,2,0.887996903,4,1.93625,3.817880297,13.73164147,0.140451969,1938.025,28.5,15.19458351,,,,
Litoria peronii,-33.71933611,150.4197843,65,30/11/2018,334,11,2018,3,0.591433008,6,3.094333333,5.586016252,6.557671751,0.273923912,1454.677778,50,16.69506385,15.04916314,23.9,9.9,0
Litoria peronii,-34.31292386,150.9148824,65,30/11/2018,334,11,2018,2,0.728143477,2,1.849,3.603472319,15.04231024,0.096574777,1464.25,29.5,16.48477531,18.36946071,22.1,15.4,5.2
Limnodynastes peronii,-35.77993774,150.1436056,65,1/12/2018,335,12,2018,1,0.385701273,17,0.05,17.92992298,3.295917947,0.015355976,1109.605882,,,20.47658715,24.8,12.2,0
Litoria peronii,-33.46185728,151.4343118,10,1/12/2018,335,12,2018,5,0.700431848,2,1.741,4.660912559,11.129,0.135275835,1894.9,34,19.77231875,18.4384121,25.6,14,
Limnodynastes peronii,-34.43537443,150.8934674,10,1/12/2018,335,12,2018,2,0.8708649,26,0.141115385,25.56851169,2.206495126,0.064049582,1292,,,,,,
Litoria peronii,-34.43537443,150.8934674,10,1/12/2018,335,12,2018,2,0.8708649,4,1.28225,5.439015361,9.723344123,0.118520016,1722.675,22.25,18.98704526,,,,
Litoria peronii,-35.8252,148.061,15.19900036,1/12/2018,335,12,2018,2,0.131593106,2,1.236,4.017300855,13.61414645,0.088449082,1981.1,,,17.43326712,29,8,0
Litoria peronii,-31.63325732,152.7690492,132.5802988,2/12/2018,336,12,2018,1,0.466299556,21,1.02715,20.40655734,1.902774709,0.367972901,1796.495238,,,22.89610454,35.3,13.3,0.2
Litoria peronii,-33.7384,151.2,17.17000008,6/12/2018,340,12,2018,1,0.688718351,5,2.08125,9.872761379,3.995921686,0.353320323,1946.62,,,,,,
Litoria caerulea,-27.6408844,152.9231448,5,4/12/2018,338,12,2018,1,0.818579557,45,0.267422222,124.2663904,0.215102669,0.554453866,1385.764444,,,21.62852509,30.4,16.8,0
Litoria peronii,-36.82338074,144.3483878,5,6/12/2018,340,12,2018,3,0.428327031,6,2.09075,11.46215104,3.938718116,0.362127538,2081.566667,34.33333333,17.33926995,25.28563508,36.8,16.1,0
Litoria caerulea,-21.0999,149.171,3,7/12/2018,341,12,2018,3,0.772072497,51,0.197686275,118.5162401,0.308405123,0.439360378,596.1980392,,,23.92670464,27.9,20.5,35.4
Litoria caerulea,-30.3576,153.083,40,8/12/2018,342,12,2018,2,0.722585788,18,0.223111111,105.7979473,0.34498344,0.394151077,602.9,,,21.08370097,26.7,16.7,0
Litoria caerulea,-19.2067,146.773,6.328000069,9/12/2018,343,12,2018,1,0.45006329,23,0.326173913,117.8415321,0.182234415,0.642653787,748.9869565,,,26.53765153,26.8,22.8,5.2
Litoria caerulea,-32.7563,151.539,20.28000069,11/12/2018,345,12,2018,1,0.593910302,47,0.279489362,101.4516125,0.311791616,0.473162076,1062.92766,,,19.89586927,22.8,19.2,2.8
Litoria caerulea,-32.0976,152.383,24,12/12/2018,346,12,2018,1,0.478761557,36,0.306472222,96.18411254,0.317937352,0.491342656,516.8,,,21.86975339,23.9,20,6
Litoria caerulea,-19.3936,146.728,11.87800026,13/12/2018,347,12,2018,1,0.558346058,21,0.194619048,125.1784751,0.283418737,0.409080216,1222.285714,,,29.07766027,33,24.6,2.6
Litoria caerulea,-33.30862427,148.0121577,5,13/12/2018,347,12,2018,1,0.451178603,13,0.266666667,127.8053436,0.20132897,0.56703974,589.6846154,,,20.74317349,29.3,19.8,5.8
Litoria peronii,-31.63325767,152.7690491,65,14/12/2018,348,12,2018,2,0.466243984,5,1.4092,5.121431533,10.28052625,0.141578496,1843.24,30.8,23.38240405,24.79740299,31.4,20.4,6
Litoria caerulea,-32.19883244,152.5316583,65,15/12/2018,349,12,2018,1,0.74297188,20,0.23735,112.801717,0.293616554,0.450477469,1098.2,,,22.4702958,23.2,20,22
Litoria caerulea,-31.45176697,152.637655,5,15/12/2018,349,12,2018,2,0.10926357,45,0.152888889,131.0508133,0.29642979,0.344001341,430.7,,,25.50954568,29.6,23.5,0
Litoria peronii,-37.7806,147.346,6.059999943,15/12/2018,349,12,2018,2,0.087251518,2,1.338,2.273094225,25.01930122,0.052130491,1679.6,25.5,20.03239802,18.2149572,25.9,15.8,15.2
Litoria caerulea,-17.44506874,130.8358934,5,16/12/2018,350,12,2018,1,0.191539267,72,0.273647887,71.00748695,0.566395016,0.513361984,1501.369444,,,27.77692907,40.5,23.5,28
Limnodynastes peronii,-38.00323486,145.4222003,5,16/12/2018,350,12,2018,1,0.57102653,9,0.038666667,18.42683305,3.217652012,0.012081775,909.2111111,,,19.31211075,19.4,13.1,2
Litoria caerulea,-32.7281,151.563,7.045000076,16/12/2018,350,12,2018,1,0.728533008,22,0.201818182,104.2627073,0.373068026,0.377825195,1111.881818,,,31.45817166,32.2,19.5,43.4
Litoria caerulea,-32.3621521,151.4917267,165,21/11/2018,325,11,2018,1,0.171434581,23,0.293608696,105.7494219,0.273146086,0.520376043,756.4782609,,,21.95602712,27.4,16.6,2.2
Litoria caerulea,-30.7098,152.902,4.822999954,16/12/2018,350,12,2018,2,0.383598031,19,0.272157895,87.9372263,0.408519799,0.412247118,625.5842105,,,,,,
Litoria caerulea,-32.0652771,152.5351725,10,16/12/2018,350,12,2018,1,0.450464064,40,0.231512821,108.9823452,0.31774651,0.41879192,627.2128205,,,20.2340186,22.5,19,15.5
Limnodynastes peronii,-34.51473743,150.7935506,10,16/12/2018,350,12,2018,2,0.695420237,27,0.027333333,27.17447688,2.180764639,0.014585415,1847.066667,,,20.7819828,27.2,18.5,5
Litoria peronii,-34.51473743,150.7935506,10,16/12/2018,350,12,2018,2,0.695420237,14,1.212928571,14.72863676,2.822215784,0.453575637,1790.342857,17,14.94186364,20.7819828,27.2,18.5,5
Litoria caerulea,-21.1242178,149.1608165,5,16/12/2018,350,12,2018,2,0.758405082,95,0.207105263,94.8746052,0.424699045,0.478207123,721.7368421,,,25.0803705,29,24.1,10.2
Litoria caerulea,-26.40779137,153.0859132,10,23/02/2018,54,2,2018,2,0.705930048,23,0.13826087,111.8505119,0.398080951,0.259200577,610.4521739,,,23.53441904,29.1,22.3,74
Litoria peronii,-33.71929881,150.419853,30,16/12/2018,350,12,2018,3,0.59143761,15,1.524866667,15.54347644,2.277358528,0.411753947,1682.453333,,,20.56752943,28.1,15.6,13
Litoria caerulea,-32.82397461,151.3670472,5,18/12/2018,352,12,2018,1,0.707489728,57,0.258035088,142.496257,0.162885842,0.614359735,731.3877193,,,28.09978956,30.5,19.9,0.2
Limnodynastes peronii,-27.07020391,152.8568126,10,18/12/2018,352,12,2018,2,0.453335633,29,0.079448276,14.40708562,2.002945509,0.038292043,689.1,,,22.38455731,27.5,21.4,8.8
Limnodynastes peronii,-36.8697,149.927,85,16/12/2018,350,12,2018,1,0.584264607,29,0.204551724,0.486130523,1.850944911,0.101592358,1057.358621,,,16.55764345,25,17.8,23.8
Litoria caerulea,-32.89984068,151.478977,10,19/12/2018,353,12,2018,1,0.463333597,27,0.214555556,124.6068041,0.267685944,0.446356316,1272.859259,,,23.96361802,28.8,20.4,0
Litoria peronii,-28.1597,153.44,4.288000107,20/12/2018,354,12,2018,3,0.581287058,13,1.513636364,12.36332246,3.409293412,0.336793483,2034.076923,33.5,23.07454315,24.51913575,29.8,22.4,0
Litoria peronii,-34.2908703,149.73676,10,2/11/2018,306,11,2018,1,0.14809008,2,2.795,2.718004505,22.0750186,0.112384315,2153.3,39,14.15270019,24.55937383,30.5,15.5,0
Litoria caerulea,-32.94519043,151.7175099,36.50033924,20/12/2018,354,12,2018,1,0.851189547,90,0.242133333,131.0774449,0.215331881,0.529677377,1380.038889,,,26.64956999,33.2,20.95,3.8
Limnodynastes peronii,-33.67773199,150.6179235,5,24/12/2018,358,12,2018,1,0.649804873,8,0.10425,21.45381723,2.693168271,0.037407817,581.4,,,16.52578598,26.7,11.6,0
Litoria caerulea,-12.3539,130.888,13.73799992,25/12/2018,359,12,2018,1,0.687718242,16,0.2605,105.5117593,0.307480245,0.458198135,1184.35,,,35.36308454,35.5,27.6,0
Litoria caerulea,-17.28001404,145.5815436,50,25/12/2018,359,12,2018,1,0.48038511,30,0.299931034,101.1206427,0.293315707,0.511765629,445.05,,,22.88728308,27.2,20.5,20.6
Limnodynastes peronii,-33.6873,150.55,7.300000191,29/11/2018,333,11,2018,1,0.664338192,15,0.050266667,16.16462022,3.661062386,0.013936045,878.54,,,16.64089923,22.5,10.5,87.6
Litoria caerulea,-30.6414,153.008,86.31900024,3/01/2018,3,1,2018,1,0.561680638,34,0.273441176,105.9363239,0.292638162,0.486252825,704.2794118,,,22.26950561,27,18.5,29.4
Litoria caerulea,-12.57280313,131.1062237,165,26/12/2018,360,12,2018,1,0.456106207,54,0.18509434,53.22601873,0.94218347,0.401935348,435.4851852,,,26.68676733,30,24.4,10.6
Limnodynastes peronii,-34.60687002,150.6191435,5,19/12/2018,353,12,2018,5,0.194801978,19,0.019421053,19.38506974,3.075695689,0.007179032,961.0789474,,,20.58596554,24.6,19.9,0
Litoria caerulea,-16.8981,145.688,6.480000019,29/12/2018,363,12,2018,1,0.597428819,29,0.294896552,86.82315317,0.394956314,0.458567965,1387.034483,,,27.96498484,29.2,24.4,
Limnodynastes peronii,-33.69212531,150.5326939,10,28/12/2018,362,12,2018,2,0.587101187,8,0.08475,14.86924507,3.950159486,0.02208904,581.375,,,23.97130154,38.5,19.5,0
Litoria peronii,-33.69212531,150.5326939,10,28/12/2018,362,12,2018,2,0.587101187,3,1.598,4.270376393,12.47088163,0.120687769,1751.4,29,20.70153764,23.97130154,38.5,19.5,0
Litoria peronii,-26.47504012,152.9605546,165,5/01/2019,5,1,2019,3,0.556137936,6,1.555666667,5.738704105,8.897243776,0.164649943,3014.65,32.33333333,21.23790684,24.47157991,29,24.2,0
Litoria peronii,-37.66888428,145.2024521,5,6/01/2019,6,1,2019,1,0.554535834,13,1.477230769,19.23182586,1.582446777,0.491853633,2060.569231,18.15384615,10.1289218,19.69407482,23.3,12.5,2.6
Limnodynastes peronii,-33.92803444,151.1340789,24.00362482,7/01/2019,7,1,2019,1,0.894734996,19,0.093105263,19.50965146,2.981997974,0.031983689,1033.6,,,21.74914359,25.5,18.6,0
Litoria peronii,-34.0831198,151.0186526,5,7/01/2019,7,1,2019,2,0.592308715,3,1.7305,2.133411127,17.51698229,0.112513072,1765.75,,,21.34864658,25.8,17.2,
Litoria caerulea,-28.79886191,153.5061696,8,8/01/2019,8,1,2019,1,0.412266487,31,0.278419355,123.1224075,0.208653526,0.572221226,552.9354839,,,25.75597522,27.6,22.5,0
Litoria caerulea,-31.97433472,151.9992096,165,8/01/2019,8,1,2019,2,0.304236953,54,0.277698113,133.5090973,0.171515816,0.61958394,690.6811321,,,22.93043746,31.4,17.8,6.4
Litoria caerulea,-22.12126999,149.5353999,5,10/01/2019,10,1,2019,3,0.04223754,49,0.151653061,139.2071738,0.279034491,0.3538,1095.112245,,,25.83503661,28.1,22.6,17.2
Litoria peronii,-34.88166198,150.5693928,6.000906205,14/01/2019,14,1,2019,4,0.415582617,6,1.1094,10.39443359,5.180624952,0.218787347,2052.85,24.4,22.11325306,,,,
Litoria peronii,-31.0533,151.145,6.300000191,27/12/2018,361,12,2018,1,0.144156361,1,2.039,,,,1894.9,44,22.09660843,28.43668791,33.5,11.5,0
Limnodynastes peronii,-33.7594,151.129,4.103000164,22/01/2019,22,1,2019,2,0.751334167,8,0.09875,18.89023951,3.077029472,0.032145467,1152.025,,,,,,
Limnodynastes peronii,-33.6838,151.101,10.50300026,1/01/2019,1,1,2019,1,0.759284058,13,0.059461538,13.93519225,4.246816282,0.014358371,1318.469231,,,,,,
Litoria caerulea,-12.4965,130.967,128,12/01/2019,12,1,2019,3,0.780558435,47,0.213297872,115.5302666,0.306837674,0.410115906,1390.959574,,,,,,
Limnodynastes peronii,-32.27671529,148.535179,165,24/01/2019,24,1,2019,2,0.25899654,4,0.126,48.21123331,1.122397047,0.107016137,1033.6,,,28.69021428,36.4,22,0.2
Litoria peronii,-30.5364,151.7,31.39999962,24/01/2019,24,1,2019,4,0.383732919,1,2.172,,,,1808.8,42,19.98050682,20.04129482,29.4,15.2,13.6
Litoria caerulea,-17.2681,145.597,3,10/01/2019,10,1,2019,1,0.53761674,23,0.221347826,144.6044566,0.194399598,0.531671198,531.773913,,,29.04902962,32.2,20,21
Litoria caerulea,-17.8932,146.089,3,30/12/2018,364,12,2018,1,0.456325594,39,0.314307692,113.8910413,0.212242057,0.677754723,1521.687179,,,24.94996994,29.4,24.5,38.4
Litoria caerulea,-11.7535,130.639,19,26/01/2019,26,1,2019,1,0.339901343,40,0.2987,108.0875329,0.251481048,0.561727811,1537.4875,,,27.45748387,31.4,24.7,7.2
Litoria caerulea,-19.42248472,146.8139681,5,27/01/2019,27,1,2019,1,0.259614276,107,0.168065421,144.2497529,0.24784127,0.417713962,777.6448598,,,25.16123279,26.2,22.2,15
Litoria caerulea,-16.96961002,145.72716,10,28/01/2019,28,1,2019,2,0.663426034,48,0.189604167,127.7398763,0.280997107,0.403812736,1423.0125,,,26.70741762,31.5,24.2,77.4
Limnodynastes peronii,-33.92022705,151.1433027,7.79049654,28/01/2019,28,1,2019,1,0.887889261,10,0.0619,19.34066322,3.040159127,0.020659798,499.58,,,25.31759567,28.1,22.6,16
Litoria caerulea,-19.45322442,147.480369,30,28/01/2019,28,1,2019,3,0.330222435,67,0.211865672,96.21976837,0.411528211,0.43139378,612.0954545,,,27.49497156,28.7,26.6,22.4
Litoria caerulea,-19.1945,146.525,36,28/01/2019,28,1,2019,3,0.321075253,25,0.198,140.8530298,0.227770898,0.465986834,1626.2,,,21.60309352,23.1,20.7,64.2
Litoria peronii,-33.729,151.175,16,28/01/2019,28,1,2019,1,0.767689152,4,1.3995,8.204516388,5.953730058,0.189988632,1808.8,34.25,27.15449614,,,,
Litoria caerulea,-27.3116,152.986,27.29500008,9/01/2019,9,1,2019,1,0.900122358,17,0.296823529,144.4077843,0.117233578,0.718376868,491.4764706,,,27.1297417,29.4,23.2,2
Litoria caerulea,-16.89459299,145.7362525,165,2/02/2019,33,2,2019,2,0.642025546,42,0.196595238,138.9296106,0.235493865,0.462778676,641.9119048,,,26.58509049,30.1,24.3,51.2
Litoria caerulea,-19.236,146.7,18.94199944,3/02/2019,34,2,2019,1,0.469500643,53,0.243509434,147.7376082,0.162966738,0.599748282,516.8,,,24.68828336,27.4,22.5,152.8
Litoria caerulea,-27.43023682,152.9366268,10,6/02/2019,37,2,2019,1,0.714488026,39,0.246897436,104.7049699,0.326398759,0.435661558,1172.741026,,,23.42294257,30,21.8,17.2
Litoria caerulea,-26.20640564,152.5582179,66.91584839,7/02/2019,38,2,2019,1,0.15417609,30,0.280933333,91.6786718,0.374001766,0.430377241,559.85,,,23.77673319,30.4,21.1,
Litoria caerulea,-17.1008,145.773,12.50500011,8/02/2019,39,2,2019,2,0.65349982,36,0.191205882,100.5054454,0.405947549,0.427746427,1076.641667,,,28.99374346,32.4,24.9,0.6
Limnodynastes peronii,-34.90674136,150.7282727,5,9/02/2019,40,2,2019,1,0.498644469,18,0.034388889,18.64067865,3.18412626,0.010852676,1813.583333,,,,,,
Limnodynastes peronii,-33.6883,150.552,10.69999981,23/01/2019,23,1,2019,1,0.671433567,12,0.091583333,11.60293016,5.079067658,0.021615939,969,,,24.92015029,32.9,21.5,0
Litoria caerulea,-20.90335083,148.779624,10,10/01/2019,10,1,2019,1,0.390219906,35,0.199911765,132.7133688,0.249627041,0.445621769,1257.54,,,25.12811823,28.1,24.5,6
Limnodynastes peronii,-30.3845,152.889,79.01300049,21/02/2019,52,2,2019,1,0.132514059,18,0.047722222,17.349177,3.410721402,0.014209952,756.0666667,,,17.55306611,22.5,16.5,7
Limnodynastes peronii,-34.8423,150.739,20.4810009,13/01/2019,13,1,2019,1,0.574582392,24,0.153208333,24.07983225,2.33920308,0.071484907,606.4916667,,,,,,
Litoria caerulea,-20.72797611,139.4898641,5,25/02/2019,56,2,2019,1,0.709720443,44,0.206883721,111.251304,0.33197593,0.381968666,1352.661364,,,25.93921248,35,23.1,0.8
Limnodynastes peronii,-34.05048469,151.0856287,5,27/02/2019,58,2,2019,1,0.847160978,16,0.0608125,15.83619702,3.726846814,0.020771222,339.11875,,,,,,
Litoria caerulea,-12.21459139,136.7085449,30,1/03/2019,60,3,2019,3,0.325344239,48,0.275458333,60.34809177,0.718312433,0.532212806,1031.814583,,,25.82740812,31.4,24.5,5.4
Limnodynastes peronii,-32.0562,151.913,4.664000034,5/03/2019,64,3,2019,2,0.233499203,23,0.021869565,23.44974759,2.537659028,0.00824186,763.9956522,,,24.20819492,36,15.2,0
Limnodynastes peronii,-27.414,152.924,3,6/03/2019,65,3,2019,1,0.796970033,14,0.037285714,28.29813057,2.082835644,0.017901119,799.8,,,26.60553637,32.8,21.8,0.2
Limnodynastes peronii,-16.81192193,145.6399653,165,9/03/2019,68,3,2019,3,0.368237152,31,0.089548387,31.1415084,1.836874042,0.047157618,1661.56129,,,,,,
Litoria caerulea,-26.99029332,152.7124644,10,17/03/2019,76,3,2019,2,0.250702744,45,0.328409091,119.6973846,0.172629499,0.656048534,632.3227273,,,27.72876759,29.1,20.7,0.4
Litoria caerulea,-33.4869,151.364,5.953999996,17/03/2019,76,3,2019,2,0.742322214,28,0.347642857,107.5793925,0.206998232,0.649937037,492.2,,,20.8270924,23,19,123.8
Limnodynastes peronii,-33.8423832,150.607924,5,19/03/2019,78,3,2019,2,0.455735755,12,0.0205,11.94163249,5.004179738,0.004396041,854.1583333,,,23.76795399,26.3,17.4,1.4
Limnodynastes peronii,-33.74818989,150.8654353,5,20/03/2019,79,3,2019,1,0.868827528,14,0.036428571,29.91127239,1.969706802,0.018483569,682.9428571,,,,,,
Limnodynastes peronii,-33.62715026,151.1437041,10,20/03/2019,79,3,2019,1,0.700911359,32,0.05803125,32.33266779,1.798141827,0.031572701,643.278125,,,,,,
Litoria caerulea,-19.37990322,146.729932,5,27/03/2019,86,3,2019,2,0.680771737,69,0.123289855,183.2138335,0.203930769,0.390903313,1405.202857,,,24.66730558,26.6,24.5,4
Limnodynastes peronii,-32.09440901,148.5125857,10,28/03/2019,87,3,2019,2,0.371078213,12,0.088,12.92885012,4.553159846,0.01988573,696.275,,,20.28912644,28.5,15.9,0
Limnodynastes peronii,-27.6666,152.926,3,29/03/2019,88,3,2019,1,0.78508063,11,0.089545455,11.76807913,5.008839872,0.018698171,947.4636364,,,26.89770593,28.8,17.6,0.4
Litoria caerulea,-19.27255098,146.8163625,65,27/01/2019,27,1,2019,1,0.781442319,24,0.243333333,99.72570261,0.357431928,0.41866193,602.9041667,,,23.71038286,27.6,23.3,33.2
Litoria caerulea,-27.21884155,150.418716,65,31/03/2019,90,3,2019,1,0.120429889,34,0.283852941,96.4989882,0.336590186,0.462009827,1349.390909,,,14.05295257,22.2,12.2,3.2
Limnodynastes peronii,-33.52436742,150.6242215,5,3/04/2019,93,4,2019,2,0.509548003,18,0.125,18.56513676,3.107753308,0.039738998,1244.15,,,19.03749178,26.7,14.3,2.6
Litoria caerulea,-12.45035553,130.8504033,65,4/04/2019,94,4,2019,1,0.76407888,22,0.231090909,123.3017775,0.255323385,0.47885748,1291.990909,,,,,,
Litoria caerulea,-12.39437219,130.8581689,5,9/11/2018,313,11,2018,1,0.823216353,32,0.257125,114.4087628,0.267095797,0.494848641,1741.811111,,,29.24079847,34,23.3,6
Litoria caerulea,-23.59602432,146.2121474,966.6308836,24/04/2019,114,4,2019,2,0.022382791,15,0.1775,94.32023909,0.455229574,0.281926505,1082.828571,,,22.96891945,29,18.5,0
